Type,Name,bus0,bus1,Generation [MW],Demand [MW],Imbalance [MW],Flow p0 [MW]
bus,DK,,,2158.079409976833,3028.24,-870.1605900231666,
bus,DE,,,41462.72019667439,40126.0,1336.7201966743887,
bus,SE,,,18987.72019667439,15191.0,3796.7201966743887,
bus,NO,,,10865.480196674389,15128.76,-4263.279803325611,
line,DK_NO,DK,NO,,,,848.2798033256109
line,DK_SE,DK,SE,,,,-1166.720196674389
line,DK_DE,DK,DE,,,,-551.7201966743891
line,DE_SE,DE,SE,,,,-615.0
line,NO_SE,NO,SE,,,,-2015.0
line,DE_NO,DE,NO,,,,1400.0
