Line,Annual imports to DK [GWh],Annual exports from DK [GWh],Line capacity [GW],Share of year near capacity [%]
DK-NO,2637.6641919695116,11525.43026089076,1.632,97.7
DK-SE,7295.679427935248,10811.718714347347,2.415,70.6
DK-DE,8857.343494632418,14511.854736766412,3.5,58.0
