Line,Annual imports to DK [GWh],Annual exports from DK [GWh],Line capacity [GW],Share of year near capacity [%]
DK-NO,306.75693758379174,7844.485937299721,1.632,24.7
DK-SE,4336.1404386777995,2897.0273602226844,2.415,5.8
DK-DE,5266.443199013363,2687.512741376286,3.5,0.0
