line_name,bus0,bus1,s_nom_MW,x,max_abs_flow_MW,mean_abs_flow_MW,utilization_max_pu,congestion_hours
DK_NO,DK,NO,1632.0,0.1,1632.0,1612.3741408083185,1.0,8582
DK_SE,DK,SE,2415.0,0.1,2415.0,2061.406892336361,1.0,6199
DK_DE,DK,DE,3500.0,0.1,3500.0,2660.4278496583365,1.0,5091
DE_SE,DE,SE,615.0,0.1,615.0,609.2295248171423,1.0,8625
NO_SE,NO,SE,3645.0,0.1,3645.0,3098.8869837583084,1.0,6395
DE_NO,DE,NO,1400.0,0.1,1400.0,1396.4104762048507,1.0,8718
