line_name,bus0,bus1,s_nom_MW,x,max_abs_flow_MW,mean_abs_flow_MW,utilization_max_pu,congestion_hours
DK_NO,DK,NO,1632.0,0.1,1632.0,927.9648081606913,1.0,2173
DK_SE,DK,SE,2415.0,0.1,2415.0,823.4480645378511,1.0,507
DK_DE,DK,DE,3500.0,0.1,3030.0,905.505002321226,0.8657142857142858,0
DE_SE,DE,SE,615.0,0.1,615.0,584.0233603295552,1.0,7879
NO_SE,NO,SE,3645.0,0.1,2015.0,1139.3641146192397,0.5528120713305898,0
DE_NO,DE,NO,1400.0,0.1,1400.0,1298.772491637512,1.0,7525
