Bus,Nodal injection implied by line flows [MW]
DK,-1230.9633298546548
DE,1456.987776618218
NO,-4143.012223381782
SE,3916.987776618218
