Corridor,CH4 net flow [GWh],H2 net flow [GWh]
NO-DK,253904.68127764817,367.4983250943803
NO-SE,28941.47045355861,560.9788163506179
NO-DE,0.0,-1.7537178769598614e-14
DK-SE,0.0,-1.2988777701904453e-14
DK-DE,241292.87791888067,363.0883451932477
DE-SE,0.0,1.009747922536677e-14
