co2_cap_fraction,co2_cap_mt,system_cost_eur,actual_emissions_mt,capacity_DK_solar,capacity_DK_onshore_wind,capacity_DK_offshore_wind,capacity_DK_CCGT,capacity_DK_coal,capacity_DK_nuclear,battery_energy_mwh,battery_charger_mw,battery_discharger_mw,generation_solar,generation_onwind,generation_offwind,generation_gas,generation_coal,generation_nuclear,generation_electricity,generation_battery,generation_battery charger,generation_battery discharger
1.0,inf,2758025289.076114,26.22002516949767,1596.8143667493816,0.0,52.133161525212394,1954.62416346236,3164.0968720849405,0.0,1524.7681029186888,249.8040628032092,1240.434308407789,2203695.438906717,0.0,188237.19394570746,3403251.5585971903,26520297.903882354,0.0,0.0,0.0,0.0,0.0
1.0,26.22002516949767,2758025289.073783,26.22002516949477,1596.8143667498884,0.0,52.133161525382135,1954.6241634625046,3164.0968720846868,0.0,1524.7681029190626,249.80406280336348,1240.43430840806,2203695.438905212,0.0,188237.1939439506,3403251.558597693,26520297.903879087,0.0,0.0,0.0,0.0,0.0
0.8,20.976020135598137,2777187125.1748095,20.97602013559742,2386.952219042735,0.0,1173.2980482380744,2412.868051027788,2510.314440692713,0.0,1826.6470924108262,296.7363866473045,1546.6949654012733,3294131.007036266,0.0,4236426.984301689,4061923.144225248,20723454.106313802,0.0,0.0,0.0,0.0,0.0
0.6,15.732015101698602,2820195807.756794,15.732015101699798,3184.282458221061,0.0,2201.671459337975,2857.382905610739,1864.57243022108,0.0,2192.9040606079398,403.5672966267064,1689.569932882557,4394492.481713271,0.0,7928804.955219444,5271488.828025441,14723916.753718164,0.0,0.0,0.0,0.0,0.0
0.4,10.488010067799069,2878609713.125336,10.488010067800888,3586.1245042253267,0.0,3264.402827386182,3458.7550241342146,1133.9227452625787,0.0,2250.3276698638533,415.9002721842839,1883.0743278767668,4948350.4504511375,0.0,11595746.507421743,7381669.384198675,8393011.120357659,0.0,0.0,0.0,0.0,0.0
0.2,5.244005033899534,2967440724.467871,5.244005033899122,4371.727440898547,0.0,4050.9884694878037,4152.639789904628,209.4389437654034,0.0,2956.545556698238,591.6965109808957,2509.69872478217,6005737.175820946,0.0,13767248.413664086,11064792.537153311,1483363.8960832832,0.0,0.0,0.0,0.0,0.0
0.1,2.622002516949767,3192905152.199389,2.6220025169497667,6929.128956264005,0.0,5574.851867123567,3705.950447147671,0.0,0.0,8317.853979264,1117.9703288577714,4060.8068394887587,9072622.876679808,0.0,15747119.785130942,7548189.063946297,0.0,0.0,0.0,0.0,0.0,0.0
