co2_cap_fraction,co2_cap_mt,system_cost_eur,actual_emissions_mt,capacity_DK_solar,capacity_DK_onshore_wind,capacity_DK_offshore_wind,capacity_DK_CCGT,capacity_DK_coal,capacity_DK_nuclear,battery_energy_mwh,battery_charger_mw,battery_discharger_mw,generation_solar,generation_onwind,generation_offwind,generation_gas,generation_coal,generation_nuclear,generation_electricity,generation_battery,generation_battery charger,generation_battery discharger
1.0,inf,3311158454.537015,3.6409298822211844,4996.846356939807,0.0,4711.331932929688,4174.180419950371,0.0,0.0,3811.9078992102377,644.2434322774654,2939.761452129344,6811277.580022611,0.0,15035201.876913272,10481464.812454922,0.0,0.0,0.0,0.0,0.0,0.0
0.8,2.9127439057769475,3357187863.6592045,2.9127439057769475,6202.559634397274,0.0,5351.756230401214,3858.7552004578392,0.0,0.0,6617.678479993612,881.761755024263,3978.9260109962606,8248427.387434779,0.0,15718270.387086082,8385171.849963941,0.0,0.0,0.0,0.0,0.0,0.0
0.6,2.1845579293327106,3518473361.311263,2.184557929332694,7112.256861809921,0.0,5565.237806706592,3439.2623841363647,0.0,249.21932037411818,8624.500947983717,1166.440054768365,3910.0387629966344,9267594.81658782,0.0,15656926.082998965,6288878.887472906,0.0,1161663.6098938324,0.0,0.0,0.0,0.0
0.4,1.4563719528884738,3770453317.276864,1.456371952888477,6600.749038022589,0.0,4898.711774784236,2839.677878717766,0.0,954.2996827579052,8573.73070826166,1125.858241693986,3605.259175420297,8755390.175637517,0.0,14918167.215453204,4192585.9249819783,0.0,4512504.937130099,0.0,0.0,0.0,0.0
0.2,0.7281859764442369,4131943148.0042067,0.7281859764442398,5469.815808030162,0.0,4082.300556169465,2103.476062651832,0.0,1887.6101887018624,7013.780685297893,910.5061674609083,3207.5448423644293,7436110.553155132,0.0,13614979.31022043,2096292.9624909929,0.0,9211360.11358806,0.0,0.0,0.0,0.0
0.1,0.36409298822211844,4439700786.915629,0.3640929882221247,5046.698853886866,0.0,3540.0474146170363,1589.1957450528407,0.0,2505.9230624816087,6322.267330466227,922.2677433691911,3058.5534602092575,6916204.668015486,0.0,12233206.453203525,1048146.4812455103,0.0,12148309.849465448,0.0,0.0,0.0,0.0
