co2_cap_fraction,co2_cap_mt,system_cost_eur,actual_emissions_mt,capacity_solar_mw,capacity_onwind_mw,capacity_offwind_mw,capacity_gas CCGT_mw,capacity_coal_mw,capacity_nuclear_mw,generation_solar_mwh,generation_onwind_mwh,generation_offwind_mwh,generation_gas CCGT_mwh,generation_coal_mwh,generation_nuclear_mwh,battery_energy_mwh,battery_charger_mw,battery_discharger_mw
1.0,inf,3330398996.8087344,3.68558164303256,4838.028462460903,0.0,4687.379862012665,4169.439375335999,0.0,0.0,6624680.981912035,0.0,15093664.363525778,10610007.760245249,0.0,0.0,3857.4370516790996,2422.920223621114,1225.404594643089
0.8,2.9484653144260484,3367548270.7134867,2.948465314426044,6076.850974306346,0.0,5269.253501839697,3854.485702670857,0.0,0.0,8181474.65241471,0.0,15686139.212384727,8488006.208196187,0.0,0.0,6838.557114513444,2946.623903036032,1490.2704737298639
0.6,2.211348985819536,3520000212.111419,2.211348985819553,8051.281481316036,0.0,5878.526816612786,3550.8633415268973,0.0,0.0,10386151.329772452,0.0,15646618.94852976,6366004.656147197,0.0,0.0,12036.013104334575,3442.029159465936,1740.8242771614346
0.4,1.4742326572130242,3811838005.930586,1.474232657213009,7314.782064367072,0.0,4947.8515065847005,2870.360208020102,0.0,796.5958762875932,9468878.499045715,0.0,13532301.815547874,4244003.1040980555,0.0,5157422.702462191,11814.585903694202,3388.6919562482863,1713.8487072474409
0.3,1.105674492909768,3986092242.4811783,1.105674492909769,6535.235044241374,0.0,4226.845247596322,2492.8176784196958,0.0,1334.3234043965845,8525260.49930611,0.0,12040609.40844892,3183002.3280735775,0.0,8646258.212552866,10435.953030947972,3205.2499508613237,1621.0719521317603
0.2,0.7371163286065121,4200972847.8461733,0.7371163286065152,5277.900180229844,0.0,3577.600933682652,2078.056897122976,0.0,1965.3576733369546,6995247.5087179635,0.0,10622746.584232017,2122001.552049059,0.0,12633144.107646003,7607.590937414358,2894.3458642226797,1463.8305817613739
0.1,0.36855816430325605,4505922973.460189,0.3685581643032584,4348.456814927828,0.0,2780.3099070886174,1549.3869544183158,0.0,2665.3544038311456,5829251.360171406,0.0,8643495.945830625,1061000.7760245318,0.0,16827666.438886274,6584.929853155664,2703.2454626945464,1367.1805526816986
