co2_cap_fraction,co2_cap_mt,system_cost_eur,actual_emissions_mt,capacity_solar_mw,capacity_onshore wind_mw,capacity_offshore wind_mw,capacity_CCGT_mw,capacity_coal_mw,capacity_nuclear_mw,generation_solar_mwh,generation_onshore wind_mwh,generation_offshore wind_mwh,generation_CCGT_mwh,generation_coal_mwh,generation_nuclear_mwh,battery_energy_mwh,battery_charger_mw,battery_discharger_mw
1.0,inf,3330398996.8087344,3.68558164303256,4838.028462460903,0.0,4687.379862012665,4169.439375335999,0.0,0.0,6624680.981912035,0.0,15093664.363525778,10610007.760245249,0.0,0.0,3857.4370516790996,2422.920223621114,1225.404594643089
0.8,2.9484653144260484,3367548270.713487,2.948465314426049,6076.850974306346,0.0,5269.253501839692,3854.485702670862,0.0,0.0,8181474.652414702,0.0,15686139.212384725,8488006.2081962,0.0,0.0,6838.557114513374,2946.623903035868,1490.2704737297809
0.6,2.211348985819536,3520000212.111422,2.2113489858195576,8051.281481316036,0.0,5878.52681661278,3550.8633415269,0.0,0.0,10386151.32977245,0.0,15646618.948529748,6366004.65614721,0.0,0.0,12036.013104334541,3442.0291594659484,1740.8242771614407
0.4,1.4742326572130242,3811838005.930583,1.4742326572130084,7314.782064367093,0.0,4947.851506584705,2870.360208020106,0.0,796.5958762875894,9468878.49904574,0.0,13532301.815547876,4244003.104098055,0.0,5157422.702462165,11814.585903694211,3388.6919562482863,1713.8487072474409
0.3,1.105674492909768,3986092242.4811707,1.1056744929097715,6535.235044241352,0.0,4226.845247596323,2492.817678419697,0.0,1334.3234043965838,8525260.49930609,0.0,12040609.408448933,3183002.328073584,0.0,8646258.212552868,10435.95303094798,3205.249950861322,1621.0719521317596
0.2,0.7371163286065121,4200972847.846179,0.7371163286065152,5277.900180229848,0.0,3577.600933682654,2078.0568971229773,0.0,1965.3576733369528,6995247.508717966,0.0,10622746.584232025,2122001.552049059,0.0,12633144.107645985,7607.590937414364,2894.3458642226888,1463.8305817613784
0.1,0.36855816430325605,4505922973.460187,0.36855816430325805,4348.456814927847,0.0,2780.309907088623,1549.38695441832,0.0,2665.35440383114,5829251.360171434,0.0,8643495.945830636,1061000.7760245306,0.0,16827666.43888624,6584.929853155706,2703.245462694551,1367.180552681701
