carrier,annual_generation_mwh
coal,112196437.35958
CCGT,215001011.01856
offshore wind,299003725.93775
onshore wind,111582326.3297
solar,52499439.95935
battery discharger,13703230.58748
