carrier,annual_generation_mwh
coal,627322425.69237
CCGT,33025299.46946
offshore wind,90424039.46127999
onshore wind,32562233.49333
solar,6743761.276740001
battery discharger,9348829.28892
