carrier,annual_generation
gas,11533264.07305
offwind,15007277.75232
solar,5755627.42464
