carrier,annual_generation
gas,11665792.72524
offwind,15078563.68359
solar,5551812.84117
