carrier,annual_generation_mwh
offshore wind,14973376.915248802
CCGT,11832905.696036711
solar,5489886.638714486
