carrier,capacity_factor
gas CCGT,0.2476921409942078
offwind,0.3620649499541707
solar,0.1558113617510433
