carrier,capacity_factor
gas,0.24491808001883617
offwind,0.3596693866184903
solar,0.155351373831919
