carrier,capacity_factor
offshore wind,0.3645054355724323
CCGT,0.25094885460939637
solar,0.15592609468335647
