carrier,curtailment
gas,35432159.78911
offwind,2040205.70463
solar,46285.29743
