carrier,curtailment
gas,35557028.76695
offwind,2144040.18945
solar,65168.74893
