carrier,optimal_capacity_mw
CCGT,5368.016702400159
offshore wind,4676.5267281965735
solar,4008.2264347125497
coal,0.0
nuclear,0.0
onshore wind,0.0
