carrier,optimal_capacity_mw,annual_generation_mwh,capacity_factor,curtailment_mwh
offwind,4741.12236,15078563.68359,0.3620649499541707,2040205.70463
gas CCGT,5361.78877,11665792.72524,0.2476921409942078,35432159.78911
solar,4056.42421,5551812.84117,0.1558113617510433,46285.29743
