carrier,optimal_capacity_mw,annual_generation_mwh,capacity_factor,curtailment_mwh
offwind,4750.13683,15007277.75232,0.3596693866184903,2144040.18945
gas,5360.91676,11533264.07305,0.24491808001883617,35557028.76695
solar,4217.79289,5755627.42464,0.155351373831919,65168.74893
