,mean_capacity_mw,median_capacity_mw,std_capacity_mw,min_capacity_mw,max_capacity_mw,range_capacity_mw,relative_range
onshore wind,1688.939175983808,339.8008671289343,2309.8866322789286,0.0,5202.394571113979,5202.394571113979,3.0802734906563947
offshore wind,3587.9999797408527,4322.6716617714865,1453.696108193689,1329.5726511033588,4681.140111420591,3351.567460317232,0.9341046486180032
solar,3779.609715562519,3843.6159065714073,237.11011428923788,3423.2533686681677,4008.2264347125497,584.973066044382,0.15477075943470012
CCGT,5529.456353816914,5473.7588639998185,228.72646835009425,5272.946909255048,5798.918416657365,525.971507402317,0.09512173959728347
coal,0.0,0.0,0.0,0.0,0.0,0.0,
nuclear,0.0,0.0,0.0,0.0,0.0,0.0,
