weather_year,solar,onshore wind,offshore wind,CCGT,coal,nuclear
2015,3578.6482260030652,2818.9193160986815,3110.383264165217,5417.427659216655,0.0,0.0
2016,4056.42421196822,0.0,4741.122362281495,5361.788765294964,0.0,0.0
2017,3674.7504897999497,0.0,4805.057532301138,5259.445120019759,0.0,0.0
2018,3995.814823172474,1902.5955377968066,3796.146035042003,5533.807961985091,0.0,0.0
2019,3874.906070535524,4858.25905267818,1928.4450164168827,5364.116029190907,0.0,0.0
