,mean_capacity_mw,median_capacity_mw,std_capacity_mw,min_capacity_mw,max_capacity_mw,range_capacity_mw,relative_range
onshore wind,1915.9547813147335,1902.5955377968066,2050.2709146497027,0.0,4858.25905267818,4858.25905267818,2.535685653992538
offshore wind,3676.2308420413465,3796.146035042003,1203.9063578282062,1928.4450164168827,4805.057532301138,2876.612515884255,0.7824896312242794
solar,3836.108764295846,3874.906070535524,204.86127881004032,3578.6482260030652,4056.42421196822,477.77598596515463,0.12454703850214084
CCGT,5387.3171071414745,5364.116029190907,99.88424205679613,5259.445120019759,5533.807961985091,274.36284196533234,0.0509275464036885
coal,0.0,0.0,0.0,0.0,0.0,0.0,
nuclear,0.0,0.0,0.0,0.0,0.0,0.0,
