weather_year,solar,onshore wind,offshore wind,CCGT,coal,nuclear
2015,3423.2533686681677,2902.500441676127,2930.0887462122528,5733.6408767721805,0.0,0.0
2016,4008.2264347125497,0.0,4676.5267281965735,5368.016702400159,0.0,0.0
2017,3670.938882045177,0.0,4681.140111420591,5798.918416657365,0.0,0.0
2018,3952.0139858152897,339.8008671289343,4322.6716617714865,5473.7588639998185,0.0,0.0
2019,3843.6159065714073,5202.394571113979,1329.5726511033588,5272.946909255048,0.0,0.0
