weather_year,solar,onshore wind,offshore wind,CCGT,coal,nuclear,solar_cf_mean,onshore_wind_cf_mean,offshore_wind_cf_mean,wind_advantage,load_mean_mw,load_peak_mw
2015,3578.6482260030652,2818.9193160986815,3110.383264165217,5417.427659216655,0.0,0.0,0.13743050888793476,0.2919814848211807,0.4341439467010577,0.14216246187987702,3746.5452300490924,8607.38
2016,4056.42421196822,0.0,4741.122362281495,5361.788765294964,0.0,0.0,0.15711035658295175,0.22595052529544835,0.4110541624155542,0.18510363712010586,3676.704149590164,5818.91
2017,3674.7504897999497,0.0,4805.057532301138,5259.445120019759,0.0,0.0,0.1592201297237735,0.2723941384210224,0.4590138819649153,0.18661974354389294,3706.5034897260275,8088.42
2018,3995.814823172474,1902.5955377968066,3796.146035042003,5533.807961985091,0.0,0.0,0.19398344644511784,0.24998853005098054,0.3899150709972013,0.13992654094622076,3834.4826301369867,7731.06
2019,3874.906070535524,4858.25905267818,1928.4450164168827,5364.116029190907,0.0,0.0,0.19517760011019009,0.2679080563897736,0.37499349496267304,0.10708543857289943,3828.7757796803653,6749.59
